Employee/Segment ID,Current Performance,Development Area,Recommended Development Action,Training/Coaching,Action Owner,Start Date,Review Date,Target Improvement,Actual Improvement,Status
DEV-1,,,,,,,,,,Open
DEV-2,,,,,,,,,,Open
DEV-3,,,,,,,,,,Open
DEV-4,,,,,,,,,,Open
DEV-5,,,,,,,,,,Open
DEV-6,,,,,,,,,,Open
DEV-7,,,,,,,,,,Open
DEV-8,,,,,,,,,,Open
DEV-9,,,,,,,,,,Open
DEV-10,,,,,,,,,,Open
DEV-11,,,,,,,,,,Open
DEV-12,,,,,,,,,,Open
DEV-13,,,,,,,,,,Open
DEV-14,,,,,,,,,,Open
DEV-15,,,,,,,,,,Open
DEV-16,,,,,,,,,,Open
DEV-17,,,,,,,,,,Open
DEV-18,,,,,,,,,,Open
DEV-19,,,,,,,,,,Open
DEV-20,,,,,,,,,,Open